run,test,n,auroc,bacc,tpr@fpr5,tpr@fpr1,auroc_continue,auroc_paraphrase,auroc_simplify,auroc_len0-20,auroc_len21-40,auroc_len41+,words_human,words_machine
binoculars_qwen3_14b_bf16,gen_qwen38_27b_test,5636,0.6837544470580146,0.5064865359567015,0.1413770053475936,0.03542780748663102,0.7693355231176713,0.6264307543770289,0.6552389953886593,0.6092526557347487,0.7185184921643671,0.7342211994166971,23.0,26.0
binoculars_qwen3_4b_bf16,gen_qwen38_27b_test,5636,0.6728793803142217,0.5461439784963634,0.13636363636363635,0.028409090909090908,0.7315098759879395,0.6231562502375723,0.6637637983986127,0.6165307049228816,0.7025990694546855,0.7023511145252852,23.0,26.0
binoculars_yagpt5_8b_bf16,gen_qwen38_27b_test,5636,0.5743511947138916,0.5030737539136133,0.06851604278074866,0.012366310160427808,0.6868892341660874,0.5298295562532785,0.5060881975751806,0.5363688043393403,0.6011223112959592,0.5714969272433728,23.0,26.0
mix_all,gen_qwen38_27b_test,5636,0.7928211994466332,0.685840506605613,0.3766711229946524,0.21022727272727273,0.8431663509197549,0.7404883722698212,0.7946011159990176,0.6789494055178588,0.7900736199920482,0.8942454169053694,23.0,26.0
mix_all_bino,gen_qwen38_27b_test,5636,0.8019609275769172,0.691830256377066,0.37767379679144386,0.21490641711229946,0.8567707268539342,0.7644403941036498,0.7845039549598442,0.6923053240045874,0.8033638208037628,0.8929393325868445,23.0,26.0
mix_coat+ainl,gen_qwen38_27b_test,5636,0.6828828590816054,0.5699310617521661,0.18348930481283424,0.0785427807486631,0.7258110985418096,0.6219108021195235,0.700700379579128,0.623323294265636,0.6853081108293523,0.7634441240039581,23.0,26.0
mix_coat+ainl_bino,gen_qwen38_27b_test,5636,0.6889085089234428,0.57914853123205,0.18683155080213903,0.0731951871657754,0.7227020893813633,0.6081973787241807,0.7355495787338672,0.6376930156457716,0.6793358813185602,0.789168695640852,23.0,26.0
mix_coat+llmtrace,gen_qwen38_27b_test,5636,0.8114744462287735,0.7082992872571942,0.4057486631016043,0.22994652406417113,0.8481020733290022,0.7586510464577045,0.827474730095592,0.7070472495923347,0.8013594393602346,0.9117591531691057,23.0,26.0
mix_coat+llmtrace_bino,gen_qwen38_27b_test,5636,0.8053909644073556,0.6959461236014142,0.37967914438502676,0.21524064171122995,0.830513948138759,0.7626202114962102,0.8228849908591768,0.7017792130822357,0.7993070274760803,0.9022935003385242,23.0,26.0
mix_llmtrace+ainl,gen_qwen38_27b_test,5636,0.8234841574506299,0.7503036336938846,0.4364973262032086,0.22459893048128343,0.8602906991711834,0.7796322763591027,0.83036079723744,0.7285801151688883,0.8369001865182111,0.8950884719545857,23.0,26.0
mix_llmtrace+ainl_bino,gen_qwen38_27b_test,5636,0.7963620335013388,0.720215329633435,0.39338235294117646,0.20655080213903743,0.8557721867101595,0.7754833167349607,0.7577083061736181,0.6846814602720115,0.8157089782235318,0.8793975574188845,23.0,26.0
rubert,gen_qwen38_27b_test,5636,0.5990787586868057,0.5594027340684589,0.15441176470588236,0.050467914438502674,0.5783836029675666,0.6105385094914816,0.6083693483790577,0.6533651768602238,0.6617869814380136,0.5333975118483413,23.0,26.0
ruroberta,gen_qwen38_27b_test,5636,0.6170609016884157,0.5534923689596868,0.13836898395721925,0.045454545454545456,0.5785551057865732,0.6152604930857007,0.6574002771048906,0.6633388201841338,0.6762605989395947,0.6355105202854018,23.0,26.0
tfidf_lr,gen_qwen38_27b_test,5636,0.5660826753339212,0.5325575715776615,0.06550802139037433,0.011363636363636364,0.5226966754954652,0.5271550642775147,0.6483227423076108,0.5737365673865547,0.5564513331560358,0.6101863184209156,23.0,26.0
binoculars_qwen3_14b_bf16,gen_tpro2_32b_test,5642,0.6995551399879316,0.5156686737018852,0.20574482297929192,0.06346025384101536,0.8421086157318094,0.6335814666630376,0.623403426084695,0.6283764480694788,0.7225980168960198,0.7780092690350724,23.0,24.0
binoculars_qwen3_4b_bf16,gen_tpro2_32b_test,5642,0.6969218522644482,0.5788693449335731,0.19672678690714762,0.04909819639278557,0.8153038892731045,0.6349370518554808,0.6408801172773982,0.6333393446369648,0.7141947748343864,0.7744258469373551,23.0,24.0
binoculars_yagpt5_8b_bf16,gen_tpro2_32b_test,5642,0.5973781021257014,0.5129303168270075,0.11723446893787576,0.024382097528390115,0.7653366487096422,0.522035063764671,0.5052669739225631,0.5363936820603654,0.6144805243727869,0.6755517077954681,23.0,24.0
mix_all,gen_tpro2_32b_test,5642,0.7920335257625019,0.6765905930693209,0.36005344021376084,0.22545090180360722,0.8465855491452214,0.7122647572043342,0.8174140908279881,0.6491172311340294,0.7733515898571471,0.9325844278333826,23.0,24.0
mix_all_bino,gen_tpro2_32b_test,5642,0.8130141198812529,0.6961011650693129,0.39111556446225787,0.24983299933199732,0.8589330888508718,0.7509314450402065,0.8293157205543913,0.6766649227934349,0.7951425854164005,0.9486441338082032,23.0,24.0
mix_coat+ainl,gen_tpro2_32b_test,5642,0.6443032086327741,0.5555907888284122,0.1606546426185705,0.05711422845691383,0.687821527803055,0.6062463520922736,0.6389724316461477,0.5749840194551974,0.6198379187562852,0.7720342919886819,23.0,24.0
mix_coat+ainl_bino,gen_tpro2_32b_test,5642,0.6750274844754969,0.5673093417449199,0.16566466265865062,0.06245824983299933,0.7029668902194881,0.6151485700201712,0.7070508953061824,0.5950382640307398,0.6410343762044993,0.817189946397261,23.0,24.0
mix_coat+llmtrace,gen_tpro2_32b_test,5642,0.7966380268089049,0.6875169018802963,0.3754175016700067,0.21810287241148965,0.8407845885050776,0.7197115922569095,0.8295504719220732,0.6633559858299884,0.7738593221282827,0.9308060118905171,23.0,24.0
mix_coat+llmtrace_bino,gen_tpro2_32b_test,5642,0.7915372537623082,0.6800161248983365,0.3456913827655311,0.20340681362725452,0.8271926452031693,0.7254554403345943,0.8220707489967309,0.6667476109531904,0.7715313969625599,0.920324775977464,23.0,24.0
mix_llmtrace+ainl,gen_tpro2_32b_test,5642,0.8119041456528364,0.7340162449773666,0.40981963927855714,0.22845691382765532,0.8497071746199298,0.7586062270729945,0.8275125578750957,0.7013704879512048,0.8120063941509242,0.9294420904286186,23.0,24.0
mix_llmtrace+ainl_bino,gen_tpro2_32b_test,5642,0.8058103871388296,0.720987039537282,0.416499665998664,0.24949899799599198,0.8559316571421638,0.7555019143010079,0.8061481042976512,0.6923861185310041,0.8118447933420467,0.9335620091564177,23.0,24.0
rubert,gen_tpro2_32b_test,5642,0.6019639354237175,0.5649268072903108,0.15197060788243152,0.05043420173680695,0.5172843943750834,0.6205693987038399,0.6677837202761674,0.654831838244747,0.6714404419126984,0.5721822586977365,23.0,24.0
ruroberta,gen_tpro2_32b_test,5642,0.5793165510275333,0.5354701094030963,0.11189044756179024,0.03440213760855043,0.5214016943908564,0.6007317740701427,0.6156422661332027,0.6206598090190981,0.614698903844243,0.6773168286323403,23.0,24.0
tfidf_lr,gen_tpro2_32b_test,5642,0.5487870252085238,0.5237552143562049,0.06813627254509018,0.013360053440213761,0.48498753321442867,0.5469869416244039,0.6141950107206905,0.547476502349765,0.5350853918328262,0.5931009348805709,23.0,24.0
